"","SiO2_wt","TiO2_wt","Al2O3_wt","MnO_wt","MgO_wt","CaO_wt","K2O_wt","P2O5_wt","Fe2O3_wt","Sum_wt"
"1",60.061052611446,0.757104976226217,13.4350509075695,0.082607486569696,1.41034255819963,16.2803682187897,2.86179163787048,0.129319406287974,4.98236219704091,100
"2",59.9305430681094,0.752334336156602,13.5368144870055,0.084444037519532,1.6415937665958,16.1447230831458,2.82338023295071,0.140690395144384,4.94547659337235,100
"3",59.7691218717926,0.764257632700533,13.5054130056085,0.0846763841632641,1.3880859812693,16.4133109340573,2.87147845654637,0.125446855045395,5.0782088788168,100
"4",60.0837425794092,0.752836011026829,13.1287521710847,0.0835501660853031,1.40151741765151,16.5774171950423,2.80983439720895,0.130827827311875,5.03152223517932,100
"5",60.2395351324817,0.726135131318927,13.2186579517481,0.0882614242932735,1.40611906822862,16.407743112764,2.79572067283571,0.105716135348869,5.01211137098073,100
