"","SiO2","TiO2","Al2O3","MnO","MgO","CaO","K2O","P2O5","Fe2O3","Sum"
"1",495947.068792,6251.70518,110938.3506777,682.121592,11645.737584,134433.2232936,23630.9074281,1067.839768,41141.26908944,825738.22340484
"2",500957.36098912,6288.737,113153.76958795,705.8648232,13722.0261828,134953.1884008,23600.5388598,1176.026204,41339.06980008,835896.58184775
"3",499862.63223456,6391.65877,112948.81174395,708.1676784,11608.875798,137268.2172708,24014.821278,1049.140312,42470.2049772,836322.53006291
"4",492192.70562112,6167.065786,107547.82866555,684.4244472,11480.92013172,135798.5283732,23017.5407679,1071.712572,41217.11524632,819177.84161101
"5",497760.74758368,6000.072295,109226.0929578,729.30630096,11618.79614532,135577.5814008,23101.108086,873.535004,41415.19846568,826302.43823924
